{
 "background_color": "262626ff",
 "compact_mode": false,
 "config_file": "res://.gutconfig.json",
 "dirs": [
  "res://addons/godot-coroutine-utilities/tests",
  "res://addons/godot-coroutine-utilities/scripts"
 ],
 "disable_colors": false,
 "double_strategy": 1,
 "errors_do_not_cause_failure": false,
 "font_color": "ccccccff",
 "font_name": "CourierPrime",
 "font_size": 16,
 "gut_on_top": true,
 "hide_orphans": false,
 "ignore_pause": false,
 "include_subdirs": true,
 "inner_class": null,
 "junit_xml_file": "",
 "junit_xml_timestamp": false,
 "log_level": 1,
 "opacity": 100,
 "paint_after": 0.1,
 "panel_options": {
  "font_name": "CourierPrime",
  "font_size": 30,
  "hide_output_text": false,
  "hide_result_tree": false,
  "hide_settings": false,
  "output_font_name": "CourierPrime",
  "output_font_size": 30,
  "use_colors": false
 },
 "post_run_script": "",
 "pre_run_script": "",
 "prefix": "test_",
 "selected": "test_CRArrTests.gd",
 "should_exit": false,
 "should_exit_on_success": false,
 "should_maximize": false,
 "show_help": false,
 "suffix": ".gd",
 "tests": [],
 "unit_test_name": "test_results_await_all"
}